"B1B";"Amministrazione e  gestione di impresa";"Firmare un mandato di pagamento";"2"
"B1B";"Amministrazione e  gestione di impresa";"Controllare l'andamento di un progetto per assicurare la sua realizzazione nei tempi previsti";"4"
"B1B";"Amministrazione e  gestione di impresa";"Gestire un'azienda con un fatturato da 10 milioni di euro";"6"
"B2B";"Lavoro d'ufficio";"Archiviare lettere in ordine alfabetico";"2"
"B2B";"Lavoro d'ufficio";"Battere sulla tastiera alla velocit&agrave; di 30 parole al minuto";"3"
"B2B";"Lavoro d'ufficio";"Organizzare un archivio sistematico di tutti i documenti di un'impresa";"5"
"B3B";"Economia e contabilit&agrave;";"Fornire informazioni sul conto ad un cliente in possesso di carta di credito";"2"
"B3B";"Economia e contabilit&agrave;";"Definire programmi individualizzati di investimenti finanziari per i clienti";"4"
"B3B";"Economia e contabilit&agrave;";"Tenere la contabilit&agrave; di una multinazionale";"6"
"B4B";"Commercializzazione e vendita";"Vendere dolci in una festa di beneficenza";"2"
"B4B";"Commercializzazione e vendita";"Telefonare ad un elenco di clienti per presentare loro una nuova linea di prodotti";"4"
"B4B";"Commercializzazione e vendita";"Mettere a punto un piano commerciale nazionale per una societ&agrave; telefonica";"6"
"B5B";"Servizi ai clienti e alle persone";"Smacchiare a secco l'abito di un cliente";"2"
"B5B";"Servizi ai clienti e alle persone";"Occuparsi per l'intera giornata di 10 bambini nello stesso tempo";"4"
"B5B";"Servizi ai clienti e alle persone";"Rispondere alle richieste di aiuto dei cittadini dopo un evento catastrofico";"6"
"B6B";"Gestione del personale e delle risorse umane";"Compilare un modu-lo di denuncia di incidente sul lavoro";"2"
"B6B";"Gestione del personale e delle risorse umane";"Intervistare candidati ad un posto di segretario";"3"
"B6B";"Gestione del personale e delle risorse umane";"Elaborare un nuovo sistema di selezione e di avanzamento di carriera del personale militare";"6"
"B7B";"Produzione e processo";"Imballare un computer";"2"
"B7B";"Produzione e processo";"Supervisionare una linea di assemblaggio automatizzata";"4"
"B7B";"Produzione e processo";"Dirigere un centro internazionale di una societ&agrave; di distribuzione merci";"6"
"B8B";"Produzione alimentare";"Conservare delle spezie in cucina";"2"
"B8B";"Produzione alimentare";"Comandare un peschereccio";"5"
"B8B";"Produzione alimentare";"Condurre una azienda agricola di 10.000 ettari";"6"
"B9B";"Informatica ed elettronica";"Azionare un DVD o CD";"2"
"B9B";"Informatica ed elettronica";"Usare un wordprocessor";"3"
"B9B";"Informatica ed elettronica";"Realizzare un programma per verificare la presenza di virus sul disco";"6"
"B10B";"Ingegneria e tecnologia";"Montare una serratura su una porta";"2"
"B10B";"Ingegneria e tecnologia";"Disegnare un carrello per la spesa pi&ugrave; stabile";"4"
"B10B";"Ingegneria e tecnologia";"Determinare l'impatto degli agenti atmosferici nella progettazione di un ponte";"6"
"B11B";"Progettazione tecnica";"Tracciare una linea retta di 1,8 cm";"2"
"B11B";"Progettazione tecnica";"Disegnare schizzi per ristrutturare una cucina";"4"
"B11B";"Progettazione tecnica";"Realizzare la progettazione tecnica di dettaglio di un grattacielo per uffici";"6"
"B12B";"Edilizia e costruzioni";"Scegliere il legno adatto per aggiungere una trave in una casa";"2"
"B12B";"Edilizia e costruzioni";"Sistemare una perdita dal soffitto dell'impianto idraulico";"4"
"B12B";"Edilizia e costruzioni";"Costruire un grattacielo per uffici";"6"
"B13B";"Meccanica";"Sostituire i filtri di una fornace";"2"
"B13B";"Meccanica";"Sostituire una valvola di una conduttura di vapore";"4"
"B13B";"Meccanica";"Revisionare un motore jet di un aeromobile";"7"
"B14B";"Matematica";"Sommare due numeri";"1"
"B14B";"Matematica";"Analizzare dei dati per individuare le aree con maggiori vendite";"4"
"B14B";"Matematica";"Derivare una equazione matematica complessa";"6"
"B15B";"Fisica";"Usare una leva per forzare una cassa";"1"
"B15B";"Fisica";"Calcolare la pressione dell'acqua in una condotta";"4"
"B15B";"Fisica";"Progettare un motore a gasolio meno inquinante";"6"
"B16B";"Chimica";"Usare un comune insetticida domestico";"2"
"B16B";"Chimica";"Usare la giusta dose di cloro per purificare dell'acqua";"4"
"B16B";"Chimica";"Realizzare un detergente commerciale sicuro";"6"
"B17B";"Biologia";"Dar da mangiare ad un animale domestico";"1"
"B17B";"Biologia";"Studiare gli effetti dell'inquinamento sulla flora e sulla fauna marina";"5"
"B17B";"Biologia";"Isolare ed identificare un nuovo virus";"7"
"B18B";"Psicologia";"Badare a diversi bambini su un campo da gioco";"2"
"B18B";"Psicologia";"Comprendere gli effetti dell'alcool sulle reazioni umane";"4"
"B18B";"Psicologia";"Curare una persona con una grave malattia mentale";"6"
"B19B";"Sociologia e antropologia";"Individuare due diverse culture in un racconto";"2"
"B19B";"Sociologia e antropologia";"Scrivere un pamphlet sulle differenze culturali";"5"
"B19B";"Sociologia e antropologia";"Elaborare una nuova teoria sulla evoluzione della civilizzazione";"7"
"B20B";"Geografia";"Conoscere la Capitale d'Italia";"2"
"B20B";"Geografia";"Individuare la Turchia su una carta geografica del mondo";"4"
"B20B";"Geografia";"Elaborare una carta geografica del mondo mostrando montagne, deserti e fiumi";"6"
"B21B";"Medicina e odontoiatria";"Usare un cerotto";"1"
"B21B";"Medicina e odontoiatria";"Riempire la cavit&agrave; di un dente";"5"
"B21B";"Medicina e odontoiatria";"Effettuare una opera-zione chirurgica a cuore aperto";"7"
"B22B";"Terapia e consulenza psicologica";"Consolare un bambino che &egrave; caduto";"2"
"B22B";"Terapia e consulenza psicologica";"Dare una consulenza per la ricerca del lavoro ad un disoccupato";"4"
"B22B";"Terapia e consulenza psicologica";"Seguire un bambino che ha subito abusi sessuali";"6"
"B23B";"Istruzione e formazione";"Mostrare a qualcuno come giocare a bocce";"2"
"B23B";"Istruzione e formazione";"Tenere un seminario sul miglioramento della qualit&agrave;";"4"
"B23B";"Istruzione e formazione";"Progettare un programma di formazione per neo-assunti";"6"
"B24B";"Lingua italiana";"Scrivere un biglietto di ringraziamento";"2"
"B24B";"Lingua italiana";"Pubblicare un articolo su un quotidiano locale";"4"
"B24B";"Lingua italiana";"Insegnare Italiano in un liceo";"6"
"B25B";"Lingua straniera";"Saper dire \"prego\" e \"grazie\" in una lingua straniera";"1"
"B25B";"Lingua straniera";"Chiedere indicazioni su una strada in una citt&agrave; straniera";"3"
"B25B";"Lingua straniera";"Scrivere in italiano una recensione di un libro scritto in una lingua straniera";"5"
"B26B";"Arte";"Assistere ad un concerto di musica pop";"1"
"B26B";"Arte";"Recitare una parte secondaria in una rappresentazione di una filodrammatica locale";"3"
"B26B";"Arte";"Disegnare la scenografia di una grande manifestazione fieristica";"5"
"B27B";"Storia e archeologia";"Frequentare un corso di storia italiana";"3"
"B27B";"Storia e archeologia";"Insegnare storia locale in una scuola elementare";"4"
"B27B";"Storia e archeologia";"Determinare l'et&agrave; di reperti ossei per collocarli nella storia fossile";"6"
"B28B";"Filosofia e teologia";"Guardare una trasmissione televisiva sui valori familiari";"2"
"B28B";"Filosofia e teologia";"Capire le pratiche religiose di un'altra cultura";"4"
"B28B";"Filosofia e teologia";"Comparare gli insegnamenti dei maggiori filosofi";"6"
"B29B";"Protezione civile e sicurezza pubblica";"Usare una cintura di sicurezza";"1"
"B29B";"Protezione civile e sicurezza pubblica";"Ispezionare un edificio per accertare violazioni delle norme di sicurezza";"4"
"B29B";"Protezione civile e sicurezza pubblica";"Comandare una operazione militare";"6"
"B30B";"Legislazione e istituzioni";"Chiedere un certificato elettorale sostitutivo per una elezione politica";"2"
"B30B";"Legislazione e istituzioni";"Preparare documenti e atti di propriet&agrave; per l'acquisto di una nuova casa";"4"
"B30B";"Legislazione e istituzioni";"Fare il giudice in un tribunale";"6"
"B31B";"Telecomunicazioni";"Fare una telefonata";"1"
"B31B";"Telecomunicazioni";"Installare una antenna satellitare";"2"
"B31B";"Telecomunicazioni";"Progettare una nuova rete mondiale di telecomunicazioni";"7"
"B32B";"Comunicazione e media";"Scrivere una lettera di ringraziamento";"2"
"B32B";"Comunicazione e media";"Fare il disk jokey in una radio";"4"
"B32B";"Comunicazione e media";"Scrivere un racconto";"5"
"B33B";"Trasporti";"Prendere un treno per andare al lavoro";"2"
"B33B";"Trasporti";"Guidare una nave da carico in un porto affollato";"5"
"B33B";"Trasporti";"Controllare il traffico aereo di un aeroporto affollato";"6"
"C1B";"Comprendere testi scritti";"Leggere punto per punto le istruzioni per compilare un modulo";"2"
"C1B";"Comprendere testi scritti";"Leggere una nota della direzione sulle nuove politiche per il personale";"4"
"C1B";"Comprendere testi scritti";"Leggere su una rivista scientifica un articolo che descrive procedure chirurgiche";"6"
"C2B";"Ascoltare attivamente";"Prendere un'ordinazione da un cliente";"2"
"C2B";"Ascoltare attivamente";"Rispondere a richieste di informazioni sul proprio curricolo";"4"
"C2B";"Ascoltare attivamente";"Presiedere come giudice ad una complessa controversia legale";"6"
"C3B";"Scrivere";"Prender nota di un messaggio telefonico";"2"
"C3B";"Scrivere";"Scrivere una relazione per uno staff specificando nuove direttive";"4"
"C3B";"Scrivere";"Scrivere un racconto da pubblicare";"6"
"C4B";"Parlare";"Accogliere dei turisti e accompagnarli lungo le attrazioni del posto";"2"
"C4B";"Parlare";"Intervistare un candidato sulla sua storia personale e lavorativa";"4"
"C4B";"Parlare";"Dibattere una causa in tribunale";"6"
"C5B";"Matematica";"Contare il resto da dare ad un cliente";"2"
"C5B";"Matematica";"Calcolare la superficie di una casa in costruzione";"4"
"C5B";"Matematica";"Elaborare un modello matematico per simulare e risolvere un problema ingegneristico";"6"
"C6B";"Scienze";"Effettuare un test per determinare la qualit&agrave; del terreno";"2"
"C6B";"Scienze";"Effettuare, seguendo istruzioni scritte, test su prodotti per assicurare gli standard di sicurezza";"4"
"C6B";"Scienze";"Elaborare analisi dei sistemi aerodinamici per determinare la  fattibilit&agrave; del progetto di un aereo";"6"
"C7B";"Pensiero critico";"Capire quando un collaboratore ha fornito una buona giustificazione per il suo ritardo";"2"
"C7B";"Pensiero critico";"Valutare le lamentele dei clienti ed individuare le risposte pi&ugrave; appropriate";"4"
"C7B";"Pensiero critico";"Scrivere una nota legale sull'illegittimit&agrave; di una legge dello Stato";"6"
"C8B";"Apprendimento attivo";"Riflettere sulle implicazioni di un articolo di un quotidiano per le opportunit&agrave; di lavoro";"2"
"C8B";"Apprendimento attivo";"Determinare le conseguenze sugli approvvigionamenti di un ristorante a seguito cambiamenti nel menu";"4"
"C8B";"Apprendimento attivo";"Individuare le implicazioni di una nuova teoria scientifica sulla progettazione di un prodotto";"6"
"C9B";"Strategie di apprendimento";"Imparare da un collega un modo diverso per completare un lavoro";"2"
"C9B";"Strategie di apprendimento";"Individuare un metodo alternativo per aiutare chi ha difficolt&agrave; ad imparare delle istruzioni";"4"
"C9B";"Strategie di apprendimento";"Applicare i principi della psicologia educativa per mettere a punto nuovi metodi di insegnamento";"6"
"C10B";"Monitorare";"Rileggere e correggere una lettera";"2"
"C10B";"Monitorare";"Seguire gli andamenti di una conferenza ed aggiornare l'agenda assicurandosi che le questioni pi&ugrave; importanti siano discusse";"4"
"C10B";"Monitorare";"Studiare la produttivit&agrave; aziendale ed elaborare un piano per incrementarla";"6"
"C11B";"Percezione sociale";"Notare che alcuni clienti sono furiosi perch&egrave; aspettano da molto tempo";"2"
"C11B";"Percezione sociale";"Essere consapevoli di come la promozione di un collega potr&agrave; influenzare un gruppo di lavoro";"4"
"C11B";"Percezione sociale";"Seguire un paziente depresso durante un periodo di crisi";"6"
"C12B";"Coordinarsi con gli altri";"Programmare gli appuntamenti in una clinica";"2"
"C12B";"Coordinarsi con gli altri";"Lavorare con altri per sostituire un tetto ad una casa";"4"
"C12B";"Coordinarsi con gli altri";"Dirigere un progetto interagendo con pi&ugrave; subappaltatori";"6"
"C13B";"Persuadere";"Chiedere un obolo per un'opera di carit&agrave;";"2"
"C13B";"Persuadere";"Convincere un superiore ad acquistare una nuova fotocopiatrice";"4"
"C13B";"Persuadere";"Far cambiare opinione ad una giuria in una causa legale complessa";"6"
"C14B";"Negoziare";"Giustificare ad un direttore le modifiche dei tempi di lavoro";"2"
"C14B";"Negoziare";"Contrattare con un grossista un prezzo dato per la vendita di alcuni articoli";"4"
"C14B";"Negoziare";"Lavorare come ambasciatore per la negoziazione di un nuovo trattato";"6"
"C15B";"Istruire";"Istruire un nuovo impiegato sull'uso di un cronometro";"2"
"C15B";"Istruire";"Istruire un collega sul funzionamento di un software";"4"
"C15B";"Istruire";"Mostrare una procedura chirurgica agli interni di una clinica universitaria";"6"
"C16B";"Orientamento al servizio";"Chiedere ai clienti se desiderano un caff&egrave;";"2"
"C16B";"Orientamento al servizio";"Riservare voli per i clienti usando il sistema di prenotazione aerea";"4"
"C16B";"Orientamento al servizio";"Dirigere le agenzie della protezione civile in un area disastrata";"6"
"C17B";"Risolvere problemi complessi";"Disporre gli attrezzi per completare un lavoro";"2"
"C17B";"Risolvere problemi complessi";"Riprogettare la disposizione di un tetto adottando una nuova tecnica di costruzione";"4"
"C17B";"Risolvere problemi complessi";"Mettere a punto e realizzare un piano di soccorsi di emergenza per una grande area metropolitana";"6"
"C18B";"Analisi delle fasi operative";"Scegliere una fotocopiatrice per l'ufficio";"2"
"C18B";"Analisi delle fasi operative";"Suggerire cambiamenti in un software per renderlo pi&ugrave; facilmente utilizzabile";"4"
"C18B";"Analisi delle fasi operative";"Identificare il sistema di controllo necessario ad un nuovo impianto di produzione";"6"
"C19B";"Progettazione tecnologica";"Adattare attrezzi ginnici per gli esercizi di un cliente";"2"
"C19B";"Progettazione tecnologica";"Ridisegnare l'impugnatura di un attrezzo per facilitarne la presa";"4"
"C19B";"Progettazione tecnologica";"Mettere a punto una nuova tecnologia per produrre diamanti industriali";"6"
"C20B";"Selezionare strumenti";"Scegliere un cacciavite per sistemare un carburatore";"2"
"C20B";"Selezionare strumenti";"Scegliere un software per completare un lavoro";"4"
"C20B";"Selezionare strumenti";"Individuare le attrezzature necessarie per realizzare una nuova linea di prodotti";"6"
"C21B";"Installare";"Installare un nuovo filtro in un condizionatore d'aria";"2"
"C21B";"Installare";"Installare nuovi deviatori su una centralina telefonica";"4"
"C21B";"Installare";"Installare una fresatrice industriale di pezzi unici";"6"
"C22B";"Programmare";"Scrivere un programma in basic per ordinare le informazioni di una base di dati";"2"
"C22B";"Programmare";"Scrivere un programma di analisi statistica per analizzare dati";"4"
"C22B";"Programmare";"Scrivere un programma per un sistema esperto di analisi dei dati geologici di un radar terrestre per verificare l'esistenza di giacimenti minerari";"6"
"C23B";"Controllo di qualit&agrave;";"Controllare in bozza una memoria per verificare eventuali errori burocratici";"2"
"C23B";"Controllo di qualit&agrave;";"Misurare i requisiti di tolleranza rispetto alle specifiche di un nuovo componente";"4"
"C23B";"Controllo di qualit&agrave;";"Mettere a punto le procedure per il controllo del prototipo di un nuovo calcolatore";"6"
"C24B";"Sorvegliare macchine";"Controllare l'effettiva esecuzione di un programma per computer";"2"
"C24B";"Sorvegliare macchine";"Controllare il funzionamento delle macchine in una linea di produzione automatizzata";"4"
"C24B";"Sorvegliare macchine";"Monitorare e integrare i controlli di ritorno di un processo petrolchimico per mantenerne il flusso produttivo";"6"
"C25B";"Far funzionare e controllare";"Tarare una fotocopiatrice per le riduzioni";"2"
"C25B";"Far funzionare e controllare";"Tarare la velocit&agrave; di una linea di assemblaggio rispetto al prodotto da assemblare";"4"
"C25B";"Far funzionare e controllare";"Controllare l'avvicinamento e l'atterraggio di un aereo in un grande aeroporto in un momento di sovraffollamento";"6"
"C26B";"Manutenzione";"Aggiungere olio ad un motore fino al livello indicato";"2"
"C26B";"Manutenzione";"Pulire le parti in movimento di un macchinario di produzione";"4"
"C26B";"Manutenzione";"Effettuare controlli di manutenzione su un aereo sperimentale";"6"
"C27B";"Risolvere problemi imprevisti";"Individuare una perdita guardando sotto una macchina";"2"
"C27B";"Risolvere problemi imprevisti";"Individuare il circuito che causa il malfunzionamento di un sistema elettrico";"4"
"C27B";"Risolvere problemi imprevisti";"Dirigere il debugging del codice di controllo di un nuovo sistema operativo";"6"
"C28B";"Riparare";"Bloccare una vite per far chiudere bene una porta";"2"
"C28B";"Riparare";"Sostituire una valvola idraulica difettosa";"4"
"C28B";"Riparare";"Riparare i danni strutturali di un edificio dopo un terremoto";"6"
"C29B";"Analizzare sistemi";"Determinare come la perdita di un componente del gruppo possa influenzare il completamento di un lavoro";"2"
"C29B";"Analizzare sistemi";"Determinare come l'introduzione di un nuovo componente un'attrezzatura possa influire sui tassi di produzione";"4"
"C29B";"Analizzare sistemi";"Individuare come cambiamenti della tassazione possano privilegiare particolari territori per le attivit&agrave; manifatturiere di diverse industrie";"6"
"C30B";"Valutare sistemi";"Determinare perch&egrave; un collega sia stato troppo ottimista nel valutare quanto tempo fosse necessario per completare un lavoro";"2"
"C30B";"Valutare sistemi";"Identificare il motivo principale per cui un cliente potrebbe es-sere insoddisfatto di un prodotto";"4"
"C30B";"Valutare sistemi";"Valutare i problemi di prestazione sul lungo periodo di un nuovo computer";"6"
"C31B";"Valutare e decidere";"Valutare quanto l'introduzione di un pausa influisca sul lavoro";"2"
"C31B";"Valutare e decidere";"Valutare il rischio nella concessione di un prestito";"4"
"C31B";"Valutare e decidere";"Decidere quando una industria manifatturiera pu&ograve; investire in una nuova tecnologia robotizzata";"6"
"C32B";"Gestire il tempo";"Tenere un calendario mensile di appuntamenti";"2"
"C32B";"Gestire il tempo";"Distribuireil tempo dei propri collaboratori su progetti da realizzare la prossima settimana";"4"
"C32B";"Gestire il tempo";"Distribuire il tempo di scienziati su pi&ugrave; progetti di ricerca";"6"
"C33B";"Gestire risorse finanziarie";"Attingere alla cassa per le piccole spese per acquistare materiale per l'ufficio e registrare quanto speso";"2"
"C33B";"Gestire risorse finanziarie";"Preparare e gestire un budget per un progetto di breve periodo";"4"
"C33B";"Gestire risorse finanziarie";"Mettere a punto ed approvare i budget annuali di una grande impresa e ottenere i finanziamenti necessari";"6"
"C34B";"Gestire risorse materiali";"Affittare una sala per un incontro della dirigenza";"2"
"C34B";"Gestire risorse materiali";"Valutare un contratto annuale di fornitura delle uniformi degli autisti spedizionieri";"4"
"C34B";"Gestire risorse materiali";"Determinare il fabbisogno di computer di una grande impresa e monitorarne l'uso";"6"
"C35B";"Gestire risorse umane";"Incoraggiare un collega in difficolt&agrave; a finire un pezzo di lavoro";"2"
"C35B";"Gestire risorse umane";"Dirigere le attivit&agrave; di una squadra di riparazione di strade limitando al minimo i problemi di flusso del traffico";"4"
"C35B";"Gestire risorse umane";"Pianificare, realizzare e gestire il reclutamento, la formazione e il piano degli incentivi di un'impresa ad alta produttivit&agrave;";"6"
"D1b";"Comprendere comunicazioni in forma orale";"Capire una pubblicit&agrave; televisiva";"2"
"D1b";"Comprendere comunicazioni in forma orale";"Capire le istruzioni verbali di un allenatore sportivo";"4"
"D1b";"Comprendere comunicazioni in forma orale";"Capire una lezione di fisica avanzata";"6"
"D2b";"Comprendere comunicazioni in forma scritta";"Capire la segnaletica autostradale";"2"
"D2b";"Comprendere comunicazioni in forma scritta";"Capire le clausole di un contratto d'affitto di un appartamento";"4"
"D2b";"Comprendere comunicazioni in forma scritta";"Capire il manuale di istruzioni per riparare il sistema di guida di un missile";"6"
"D3b";"Esprimersi in forma orale ";"Annullare per telefono un abbonamento ad un quotidiano";"2"
"D3b";"Esprimersi in forma orale ";"Dare istruzioni ad un autista che si &egrave; perso";"4"
"D3b";"Esprimersi in forma orale ";"Spiegare i principi avanzati della genetica a delle matricole universitarie";"6"
"D4b";"Esprimersi in forma scritta ";"Scrivere un biglietto per ricordare a qualcuno di metter fuori del cibo dal congelatore";"1"
"D4b";"Esprimersi in forma scritta ";"Scrivere una nota di raccomandazioni su come fare un lavoro per un collaboratore";"4"
"D4b";"Esprimersi in forma scritta ";"Scrivere un libro di economia";"6"
"D5b";"Produzione di idee";"Indicare quattro diversi usi di un cacciavite";"2"
"D5b";"Produzione di idee";"Pensare a quanti pi&ugrave; nomi possibili per una nuova societ&agrave;";"4"
"D5b";"Produzione di idee";"Indicare tutte le possibili strategie per una battaglia militare";"6"
"D6b";"Originalit&agrave;";"Usare una carta di credito per aprire una porta";"2"
"D6b";"Originalit&agrave;";"Ridefinire i compiti di lavoro in modo da renderli pi&ugrave; interessanti per gli impiegati";"4"
"D6b";"Originalit&agrave;";"Inventare un nuovo tessuto sintetico";"6"
"D7b";"Riconoscere i problemi";"Riconoscere che una lampada non funziona perch&egrave; non &egrave; ben collegata";"2"
"D7b";"Riconoscere i problemi";"Riconoscere dall'umore dei prigionieri che &egrave; probabile che scoppi una rivolta";"4"
"D7b";"Riconoscere i problemi";"Riconoscere il primo stadio di una malattia quando sono presenti solo pochi sintomi";"6"
"D8b";"Ragionamento deduttivo";"Sapere che una macchina guasta pu&ograve; muoversi in discesa";"2"
"D8b";"Ragionamento deduttivo";"Decidere quali aspetti considerare per selezionare le merci da acquistare";"4"
"D8b";"Ragionamento deduttivo";"Disegnare un'ala di aereo seguendo le leggi dell'aerodinamica";"6"
"D9b";"Ragionamento induttivo";"Decidere cosa indossare basandosi sulle previsioni del tempo";"2"
"D9b";"Ragionamento induttivo";"Individuare il primo sospettato basandosi sulle evidenze emerse dalla scena del crimine";"4"
"D9b";"Ragionamento induttivo";"Diagnosticare una malattia utilizzando i risultati di diverse analisi di laboratorio";"6"
"D10b";"Ordinare informazioni";"Ordinare numericamente degli oggetti";"1"
"D10b";"Ordinare informazioni";"Seguire i passaggi corretti per modificare qualcosa";"2"
"D10b";"Ordinare informazioni";"Assemblare una testata nucleare";"6"
"D11b";"Flessibilit&agrave; nel classificare";"Disporre in una cassetta degli attrezzi dei chiodi in base alla lunghezza";"2"
"D11b";"Flessibilit&agrave; nel classificare";"Classificare dei fiori secondo la dimensione, il colore e l'odore";"3"
"D11b";"Flessibilit&agrave; nel classificare";"Classificare fibre sintetiche rispetto alla resistenza, al costo, alla elasticit&agrave;";"6"
"D12b";"Ragionamento matematico";"Calcolare quanto costeranno 10 arance se due sono vendute al prezzo di 29 centesimi";"1"
"D12b";"Ragionamento matematico";"Decidere come calcolare i profitti per determinare l'ammontare dei dividendi annuali";"4"
"D12b";"Ragionamento matematico";"Determinare le formule matematiche necessarie per simulare l'atterraggio sulla luna di una navicella spaziale";"6"
"D13b";"Confidenza con i numeri";"Addizionare 2 e 7";"1"
"D13b";"Confidenza con i numeri";"Fare il bilancio di un registro di cassa";"4"
"D13b";"Confidenza con i numeri";"Calcolare gli interessi prodotti da un investimento";"6"
"D14b";"Memorizzare";"Ricordare il numero dell'autobus appena preso per essere sicuri di prendere quello giusto al ritorno";"1"
"D14b";"Memorizzare";"Ripetere il nome di cinque persone appena incontrate";"4"
"D14b";"Memorizzare";"Recitare “Passero Solitario” dopo averla studiata per 15 minuti";"6"
"D15b";"Rapidit&agrave; a giungere ad una conclusione ";"Riconoscere una canzone dopo aver ascoltato le prime cinque note";"3"
"D15b";"Rapidit&agrave; a giungere ad una conclusione ";"Cogliere il senso di una calligrafia strana";"4"
"D15b";"Rapidit&agrave; a giungere ad una conclusione ";"Interpretare la grafica di un radar meteorologico per decidere se il tempo sta cambiando";"6"
"D16b";"Flessibilit&agrave; a giungere ad una conclusione ";"Sintonizzare una radio su un camion rumoroso";"2"
"D16b";"Flessibilit&agrave; a giungere ad una conclusione ";"Rintracciare una pallina da golf sul prato";"4"
"D16b";"Flessibilit&agrave; a giungere ad una conclusione ";"Identificare carri armati mimetizzati da un caccia supersonico";"6"
"D17b";"Rapidit&agrave; nella percezione";"Ordinare la posta secondo il codice di avviamento postale";"2"
"D17b";"Rapidit&agrave; nella percezione";"Leggere in 10 secondi cinque indicatori di temperatura per assicurarsi che ciascuno sia nei limiti di sicurezza";"4"
"D17b";"Rapidit&agrave; nella percezione";"Ispezionare parti elettriche difettose in movimento su una linea veloce d'assemblaggio";"6"
"D18b";"Orientamento nello spazio";"Usare la mappa dei piani per localizzare un negozio in un centro commerciale";"2"
"D18b";"Orientamento nello spazio";"Muoversi in una stanza buia senza urtare alcunch&egrave;";"4"
"D18b";"Orientamento nello spazio";"Fare una traversata oceanica utilizzando per orientarsi solo la posizione del sole e delle stelle";"6"
"D19b";"Visualizzazione";"Immaginare come inserire carta nella macchina da scrivere in modo che l'intestazione si posizioni in alto";"2"
"D19b";"Visualizzazione";"Seguire un diagramma per montare un armadietto in metallo";"4"
"D19b";"Visualizzazione";"Anticipare le mosse di un avversario e le proprie in una partita a scacchi";"6"
"D20b";"Attenzione selettiva";"Rispondere ad una telefonata di affari mentre un collega parla l&igrave; vicino";"2"
"D20b";"Attenzione selettiva";"Seguire i monitor televisivi per controllare la presenza di intrusi in una sorveglianza notturna";"4"
"D20b";"Attenzione selettiva";"Studiare un manuale in un rumoroso locale caldaie";"6"
"D21b";"Attenzione distribuita";"Ascoltare musica mentre si archiviano documenti";"2"
"D21b";"Attenzione distribuita";"Guardare la segnaletica stradale guidando a 50 Km orari";"4"
"D21b";"Attenzione distribuita";"Seguire le trasmissioni radio e radar per tener traccia di un aereo in situazioni di traffico elevato";"6"
"D22b";"Fermezza braccia-mani";"Accendere una candela";"2"
"D22b";"Fermezza braccia-mani";"Infilare un ago";"4"
"D22b";"Fermezza braccia-mani";"Sfaccettare un diamante";"6"
"D23b";"Destrezza delle mani";"Avvitare una lampadina";"1"
"D23b";"Destrezza delle mani";"Imballare arance in una cassetta il pi&ugrave; velocemente possibile";"4"
"D23b";"Destrezza delle mani";"Utilizzare strumenti chirurgici in un'operazione a cuore aperto";"6"
"D24b";"Destrezza delle dita";"Inserire monete in un parchimetro";"2"
"D24b";"Destrezza delle dita";"Inserire piccoli pulsanti in un apparecchio stereo su una linea di assemblaggio";"4"
"D24b";"Destrezza delle dita";"Montare il meccanismo interno di un piccolo orologio da polso";"6"
"D25b";"Precisione";"Regolare la luminosit&agrave; di una lampada da interni usando l'apposito interruttore";"2"
"D25b";"Precisione";"Regolare i controlli di un trattore agricolo";"4"
"D25b";"Precisione";"Trapanare un dente";"6"
"D26b";"Coordinazione multipla degli arti";"Remare";"2"
"D26b";"Coordinazione multipla degli arti";"Condurre un carrello elevatore in un magazzino";"4"
"D26b";"Coordinazione multipla degli arti";"Suonare la batteria in una jazz band";"6"
"D27b";"Orientamento alla risposta";"Scegliere a cosa rispondere per prima quando squillano nello stesso tempo sia il telefono che la porta";"2"
"D27b";"Orientamento alla risposta";"Usare sia i freni che l'acceleratore quando si slitta sulla strada";"4"
"D27b";"Orientamento alla risposta";"Ripristinare rapidamente i controlli su una nave spaziale fuori controllo";"7"
"D28b";"Tempistica";"Guidare una bicicletta su una corsia pedonale";"1"
"D28b";"Tempistica";"Seguire un'automobile che cambia velocit&agrave;";"4"
"D28b";"Tempistica";"Sparare ad un'anatra in volo";"5"
"D29b";"Reattivit&agrave;";"Iniziare a rallentare quando il semaforo segnala giallo";"2"
"D29b";"Reattivit&agrave;";"Spingere un interruttore non appena una luce rossa di allarme si spegne";"4"
"D29b";"Reattivit&agrave;";"Frenare quando un pedone taglia all'improvviso la strada alla macchina";"6"
"D30b";"Velocit&agrave; polso-dita";"Usare un temperamatite manuale";"2"
"D30b";"Velocit&agrave; polso-dita";"Affettare un arrosto in una tavola calda";"3"
"D30b";"Velocit&agrave; polso-dita";"Dattilografare un documento a 90 parole al minuto";"6"
"D31b";"Velocit&agrave; nel muovere gli arti";"Segare un pezzo di legno sottile";"2"
"D31b";"Velocit&agrave; nel muovere gli arti";"Schiacciare una mosca con un picchietto";"4"
"D31b";"Velocit&agrave; nel muovere gli arti";"Tirare pugni in un gara di boxe";"6"
"D32b";"Forza statica";"Spingere un carrello della spesa vuoto";"1"
"D32b";"Forza statica";"Trascinare un sacco di concime da 20 Kg attraverso il prato";"4"
"D32b";"Forza statica";"Sollevare su un camion un sacchetto di cemento da 40 Kg";"6"
"D33b";"Forza esplosiva";"Colpire un chiodo con un martello";"2"
"D33b";"Forza esplosiva";"Saltare su una piattaforma di un metro";"4"
"D33b";"Forza esplosiva";"Lanciare il peso in una gara di atletica";"7"
"D34b";"Forza dinamica";"Potare una siepe con cesoie da potatore";"2"
"D34b";"Forza dinamica";"Arrampicarsi su una scala di 15 metri";"5"
"D34b";"Forza dinamica";"Fare esercizi ginnici agli anelli";"6"
"D35b";"Forza del busto";"Alzarsi da una poltrona da ufficio";"2"
"D35b";"Forza del busto";"Spalare neve per mezz'ora";"4"
"D35b";"Forza del busto";"Fare cento flessioni";"6"
"D36b";"Resistenza";"Camminare per 400 metri";"1"
"D36b";"Resistenza";"Salire sei rampe di scale";"4"
"D36b";"Resistenza";"Correre per 15 kilometri";"6"
"D37b";"Flessibilit&agrave; di estensione";"Prendere il microfono in un auto della polizia";"2"
"D37b";"Flessibilit&agrave; di estensione";"Prendere una scatola da uno scaffale alto di un magazzino";"4"
"D37b";"Flessibilit&agrave; di estensione";"Lavorare sotto il cruscotto di una macchina";"6"
"D38b";"Flessibilit&agrave; dinamica";"Raccogliere a mano un cesto di mele da un albero";"2"
"D38b";"Flessibilit&agrave; dinamica";"Eseguire un balletto da componente di un importante corpo di ballo";"5"
"D38b";"Flessibilit&agrave; dinamica";"Manovrare una canoa fra rapide vorticose";"6"
"D39b";"Coordinamento complessivo del corpo";"Salire e scendere da un camion";"2"
"D39b";"Coordinamento complessivo del corpo";"Nuotare per un'intera vasca in una piscina";"4"
"D39b";"Coordinamento complessivo del corpo";"Eseguire un balletto di danza classica";"6"
"D40b";"Equilibrio complessivo del corpo";"Stare in piedi su una scala";"2"
"D40b";"Equilibrio complessivo del corpo";"Camminare su uno stagno ghiacciato";"4"
"D40b";"Equilibrio complessivo del corpo";"Camminare su una trave stretta su un grattacielo in costrizione";"6"
"D41b";"Visione da vicino";"Leggere i quadranti sul cruscotto della macchina";"2"
"D41b";"Visione da vicino";"Leggere le clausole in minuscoletto di un documento legale";"5"
"D41b";"Visione da vicino";"Individuare difetti minimi in un diamante";"6"
"D42b";"Visione da lontano";"Leggere un listino prezzi su un cartellone pubblicitario sul margine della strada";"2"
"D42b";"Visione da lontano";"Mettere a fuoco un proiettore di diapositive";"4"
"D42b";"Visione da lontano";"Individuare differenze fra navi all'orizzonte";"7"
"D43b";"Discriminazione dei colori";"Separare i capi colorati dai capi bianchi per il bucato";"1"
"D43b";"Discriminazione dei colori";"Seguire un circuito elettrico segnato da cavi di diversi colori";"4"
"D43b";"Discriminazione dei colori";"Dipingere un ritratto a colori di una persona vivente";"6"
"D44b";"Visione notturna";"Leggere cartelli stradali al crepuscolo";"2"
"D44b";"Visione notturna";"Prendere appunti durante una presentazione con diapositive";"4"
"D44b";"Visione notturna";"Trovare la strada del ritorno in un bosco in una notte senza luna";"6"
"D45b";"Visione periferica";"Stare allineati mentre si marcia in formazione militare";"2"
"D45b";"Visione periferica";"Assicurarsi della posizione dei compagni di squadra mentre ci si libera di un avversario in una partita di calcio";"4"
"D45b";"Visione periferica";"Distinguere con facilit&agrave; gli aerei nemici durante un combattimento";"6"
"D46b";"Percezione della distanza degli oggetti";"Inserirsi nel traffico di una strada ingorgata";"2"
"D46b";"Percezione della distanza degli oggetti";"Manovrare una gru per spostare materiali dal cassone di un camion a terra";"4"
"D46b";"Percezione della distanza degli oggetti";"Effettuare un passaggio lungo ad un compagno di squadra ben difeso";"6"
"D47b";"Sensibilit&agrave; all'abbagliamento";"Guidare su un strada conosciuta in una giornata nuvolosa";"2"
"D47b";"Sensibilit&agrave; all'abbagliamento";"Vedere barche a vela all'orizzonte";"5"
"D47b";"Sensibilit&agrave; all'abbagliamento";"Sciare sulla neve in una giornata luminosa";"6"
"D48b";"Sensibilit&agrave; dell'udito";"Notare quando una sveglia smette di suonare";"2"
"D48b";"Sensibilit&agrave; dell'udito";"Diagnosticare, dal rumore, cosa non va nel motore di un auto";"4"
"D48b";"Sensibilit&agrave; dell'udito";"Intonare un'orchestra";"6"
"D49b";"Attenzione uditiva";"Ascoltare una lezione con vicino gente che parla";"2"
"D49b";"Attenzione uditiva";"Ascoltare la chiamata del proprio volo in un aeroporto affollato";"4"
"D49b";"Attenzione uditiva";"Ascoltare le istruzioni di un collega in una rumorosa segheria";"6"
"D50b";"Localizzazione del suono";"Ascoltare uno stereo per determinare quale cassa sta funzionando";"2"
"D50b";"Localizzazione del suono";"Trovare un telefono che squilla in un appartamento sconosciuto";"4"
"D50b";"Localizzazione del suono";"Individuare da dove proviene un veicolo d'emergenza dal suono della sirena";"6"
"D51b";"Riconoscimento della voce";"Riconoscere la voce di un collega";"2"
"D51b";"Riconoscimento della voce";"Riconoscere al telefono la voce di un vecchio cliente";"4"
"D51b";"Riconoscimento della voce";"Capire il discorso di qualcuno con uno strano accento";"6"
"D52b";"Chiarezza del parlato";"Chiamare i numeri nel gioco della tombola";"1"
"D52b";"Chiarezza del parlato";"Fare annunci al microfono in un evento sportivo";"4"
"D52b";"Chiarezza del parlato";"Tenere una conferenza per un grande pubblico";"6"
"G1B";"Raccogliere informazioni";"Seguire uno schema standard";"2"
"G1B";"Raccogliere informazioni";"Rivedere un budget";"4"
"G1B";"Raccogliere informazioni";"Studiare la legislazione internazionale sulle tasse";"6"
"G2B";"Identificare oggetti, azioni ed eventi";"Provare la trasmissione di un automobile";"2"
"G2B";"Identificare oggetti, azioni ed eventi";"Giudicare l'accettabilit&agrave; di un prodotto alimentare";"4"
"G2B";"Identificare oggetti, azioni ed eventi";"Determinare la reazione di un virus ad un nuovo farmaco";"6"
"G3B";"Controllare processi, materiali o ambienti circostanti";"Controllare se &egrave; cotto il pane nel forno";"2"
"G3B";"Controllare processi, materiali o ambienti circostanti";"Verificare circuiti elettrici";"4"
"G3B";"Controllare processi, materiali o ambienti circostanti";"Controllare lo stato di un paziente sottoposto ad una cura medica critica";"6"
"G4B";"Ispezionare attrezzature, strutture o materiali";"Controllare se le porte di un edificio sono chiuse";"1"
"G4B";"Ispezionare attrezzature, strutture o materiali";"Ispezionare le attrezzature di un impianto chimico industriale";"4"
"G4B";"Ispezionare attrezzature, strutture o materiali";"Ispezionare un reattore nucleare";"6"
"G5B";"Stimare le caratteristiche quantificabili di prodotti, eventi o informazioni";"Stimare le dimensioni dei mobili da realizzare per un appartamento familiare";"2"
"G5B";"Stimare le caratteristiche quantificabili di prodotti, eventi o informazioni";"Stimare il tempo necessario ad evacuare una citt&agrave; in caso di calamit&agrave;";"4"
"G5B";"Stimare le caratteristiche quantificabili di prodotti, eventi o informazioni";"Stimare l'ammontare delle risorse naturali che giacciono sul fondo degli oceani";"6"
"G6B";"Valutare la qualit&agrave; di oggetti, servizi o persone";"Capire quando rimuovere un albero danneggiato";"2"
"G6B";"Valutare la qualit&agrave; di oggetti, servizi o persone";"Stimare il valore delle propriet&agrave; perdute in un incendio";"4"
"G6B";"Valutare la qualit&agrave; di oggetti, servizi o persone";"Stimare il valore di un antico dipinto scoperto di recente";"6"
"G7B";"Valutare informazioni per determinare la conformit&agrave; agli standard";"Rivedere dei moduli per verificarne la completezza";"2"
"G7B";"Valutare informazioni per determinare la conformit&agrave; agli standard";"Valutare una complessa richiesta di rimborso ad un'assicurazione per verificarne la conformit&agrave; alle politiche di pagamento";"4"
"G7B";"Valutare informazioni per determinare la conformit&agrave; agli standard";"Da giudice prendere una decisione su una complessa istanza legale";"6"
"G8B";"Elaborare informazioni";"Tabulare i costi di spedizione di pacchi postali";"2"
"G8B";"Elaborare informazioni";"Valutare quanto pagare in un reclamo assicurativo";"4"
"G8B";"Elaborare informazioni";"Compilare dati per una complessa relazione scientifica";"6"
"G9B";"Analizzare dati o informazioni";"Individuare dove pu&ograve; trovarsi un'ordinazione smarrita";"1"
"G9B";"Analizzare dati o informazioni";"Determinare il costo degli interessi per il finanziamento della costruzione di un nuovo edificio";"4"
"G9B";"Analizzare dati o informazioni";"Analizzare i costi dei servizi di cura per tutti gli ospedali della regione";"6"
"G10B";"Prendere decisioni e risolvere problemi";"Selezionare cibi per i menu di una tavola calda";"2"
"G10B";"Prendere decisioni e risolvere problemi";"Individuare dove impiantare un grande centro commerciale";"4"
"G10B";"Prendere decisioni e risolvere problemi";"Prendere la decisione finale su un piano quinquennale di un'impresa";"6"
"G11B";"Pensare in modo creativo";"Cambiare l'interlinea di un rapporto a stampa";"1"
"G11B";"Pensare in modo creativo";"Adattare una melodia popolare per una banda di paese";"4"
"G11B";"Pensare in modo creativo";"Creare nuovi software";"6"
"G12B";"Aggiornare e usare conoscenze di rilievo";"Aggiornarsi sulle variazioni dei prezzi nella gestione di un piccolo negozio al dettaglio";"2"
"G12B";"Aggiornare e usare conoscenze di rilievo";"Tenersi al corrente dei cambiamenti sulle procedure di manutenzione nella riparazione di macchine sportive";"4"
"G12B";"Aggiornare e usare conoscenze di rilievo";"Acquisire informazioni sui complessi e rapidi cambiamenti di una tecnologia";"6"
"G13B";"Mettere a punto obiettivi e strategie";"Pianificare le vacanze degli addetti di una compagnia aerea";"2"
"G13B";"Mettere a punto obiettivi e strategie";"Mettere a punto un piano triennale per completare la fusione di due organizzazioni";"4"
"G13B";"Mettere a punto obiettivi e strategie";"Mettere a punto un piano economico decennale per una organizzazione";"6"
"G14B";"Pianificare il lavoro e le attivit&agrave;";"Prendere appuntamenti per i pazienti usando un piano di visite predefinito";"2"
"G14B";"Pianificare il lavoro e le attivit&agrave;";"Preparare il programma di lavoro per i commessi di un grande magazzino al dettaglio";"4"
"G14B";"Pianificare il lavoro e le attivit&agrave;";"Organizzare il programma di una complessa conferenza con pi&ugrave; sessioni parallele";"6"
"G15B";"Organizzare, pianificare e dare priorit&agrave; al lavoro";"Organizzare la fasi di un lavoro ripetitivo e facile da pianificare";"2"
"G15B";"Organizzare, pianificare e dare priorit&agrave; al lavoro";"Pianificare e organizzare proprie attivit&agrave; di lavoro che spesso cambiano";"4"
"G15B";"Organizzare, pianificare e dare priorit&agrave; al lavoro";"Dare priorit&agrave; e pianificare pi&ugrave; attivit&agrave; molti mesi prima di svolgerle";"6"
"G16B";"Svolgere attivit&agrave; fisiche generali";"Muoversi fra stazioni di lavoro in un piccolo ufficio";"1"
"G16B";"Svolgere attivit&agrave; fisiche generali";"Dipingere l'esterno di una casa";"4"
"G16B";"Svolgere attivit&agrave; fisiche generali";"Salire e scendere dai pali per installare una linea elettrica";"6"
"G17B";"Maneggiare e muovere oggetti";"Cambiare la regolazione di una fotocopiatrice";"2"
"G17B";"Maneggiare e muovere oggetti";"Sistemare libri in una biblioteca";"4"
"G17B";"Maneggiare e muovere oggetti";"Caricare scatole su una linea di assemblaggio";"6"
"G18B";"Gestire macchine e processi";"Manovrare un registratore di cassa";"2"
"G18B";"Gestire macchine e processi";"Manovrare un trapano";"4"
"G18B";"Gestire macchine e processi";"Manovrare una fresatrice di precisione";"6"
"G19B";"Lavorare con i computer";"Inserire informazioni sugli impiegati in una base di dati informatizzata";"2"
"G19B";"Lavorare con i computer";"Scrivere un software che gestisca un inventario";"4"
"G19B";"Lavorare con i computer";"Mettere a punto un sistema informatico per una grande multinazionale";"6"
"G20B";"Manovrare veicoli, mezzi meccanici o attrezzature";"Guidare un'automobile";"2"
"G20B";"Manovrare veicoli, mezzi meccanici o attrezzature";"Guidare un semovente con 18 ruote";"4"
"G20B";"Manovrare veicoli, mezzi meccanici o attrezzature";"Guidare un elicottero con un forte vento";"6"
"G21B";"Scrivere bozze, stendere note e specifiche tecniche per componenti o attrezzature";"Scrivere le specifiche per l'illuminazione di un'area di lavoro";"2"
"G21B";"Scrivere bozze, stendere note e specifiche tecniche per componenti o attrezzature";"Scrivere le specifiche per i mobili di una nuova scuola";"4"
"G21B";"Scrivere bozze, stendere note e specifiche tecniche per componenti o attrezzature";"Disegnare il circuito elettronico per un computer scientifico ad alta velocit&agrave;";"6"
"G22B";"Riparare e fare manutenzione alle attrezzature meccaniche ";"Fare semplici aggiustamenti esterni ai cardini di una porta utilizzando attrezzi ordinari";"2"
"G22B";"Riparare e fare manutenzione alle attrezzature meccaniche ";"Aggiustare la pendola del nonno";"4"
"G22B";"Riparare e fare manutenzione alle attrezzature meccaniche ";"Revisionare un generatore di energia a turbina";"6"
"G23B";"Riparare e fare manutenzione alle attrezzature elettroniche";"Usare la pulsantiera per mettere a punto l'immagine su un televisore";"1"
"G23B";"Riparare e fare manutenzione alle attrezzature elettroniche";"Fare riparazioni rimuovendo e sostituendo schede elettroniche";"4"
"G23B";"Riparare e fare manutenzione alle attrezzature elettroniche";"Usare una complessa attrezzatura per calibrare un apparecchio elettronico";"6"
"G24B";"Documentare, registrare informazioni";"Registrare le stazze degli autocarri che viaggiano in autostrada";"2"
"G24B";"Documentare, registrare informazioni";"Documentare i risultati di un'indagine sulla scena del crimine";"4"
"G24B";"Documentare, registrare informazioni";"Conservare le informazioni sull'uso dei satelliti per una impresa privata di telecomunicazioni";"6"
"G25B";"Interpretare il significato delle informazioni";"Interpretare una lettura della pressione del sangue";"1"
"G25B";"Interpretare il significato delle informazioni";"Interpretare come leggi straniere sulle tasse possano applicarsi alle esportazioni nazionali";"4"
"G25B";"Interpretare il significato delle informazioni";"Spiegare un complesso esperimento di fisica per una platea non addetta ai lavori";"6"
"G26B";"Comunicare con superiori, colleghi o subordinati";"Scrivere brevi annotazioni dirette ad altre persone";"1"
"G26B";"Comunicare con superiori, colleghi o subordinati";"Riportare ad un dirigente i risultati di un incontro sulle vendite";"4"
"G26B";"Comunicare con superiori, colleghi o subordinati";"Creare una presentazione video delle politiche interne di un'azienda";"6"
"G27B";"Comunicare con persone esterne all'organizzazione";"Avere piccoli contatti con persone esterne all'organizzazione";"1"
"G27B";"Comunicare con persone esterne all'organizzazione";"Fare presentazioni standard dei servizi offerti";"4"
"G27B";"Comunicare con persone esterne all'organizzazione";"Preparare o rilasciare un comunicato stampa";"6"
"G28B";"Stabilire e mantenere relazioni interpersonali";"Scambiarsi gli auguri con un collega";"1"
"G28B";"Stabilire e mantenere relazioni interpersonali";"Mantenere buoni rapporti di lavoro con quasi tutti i colleghi e i clienti";"4"
"G28B";"Stabilire e mantenere relazioni interpersonali";"Acquisire la collaborazione di un gruppo di clienti diverso per cultura e ostile alla propria azienda";"7"
"G29B";"Assistere e prendersi cura di altri";"Aiutare un collega a terminare un compito";"2"
"G29B";"Assistere e prendersi cura di altri";"Assistere un viaggiatore in difficolt&agrave; nel trovare alloggio";"4"
"G29B";"Assistere e prendersi cura di altri";"Aver cura di una persona con ferite serie un in pronto soccorso";"6"
"G30B";"Vendere merci o influenzare altri";"Convincere un collega ad assistervi nello svolgere un lavoro";"1"
"G30B";"Vendere merci o influenzare altri";"Fornire argomentazioni standard o informazioni sulle vendite per convincere ad acquistare un prodotto molto diffuso";"4"
"G30B";"Vendere merci o influenzare altri";"Far partire una grande campagna di vendite in un nuovo mercato";"6"
"G31B";"Risolvere controversie e negoziare con altre persone";"Scusarsi con un cliente che si lamenta di aver aspettato troppo a lungo";"2"
"G31B";"Risolvere controversie e negoziare con altre persone";"Mettere d'accordo due subordinati su quando programmare le ferie";"4"
"G31B";"Risolvere controversie e negoziare con altre persone";"Negoziare un contratto collettivo nazionale di lavoro";"6"
"G32B";"Esibirsi o lavorare a contatto diretto con il pubblico";"Riscuotere il pedaggio ad un casello autostradale";"1"
"G32B";"Esibirsi o lavorare a contatto diretto con il pubblico";"Vendere scarpe in un famoso negozio";"4"
"G32B";"Esibirsi o lavorare a contatto diretto con il pubblico";"Esibirsi in un monologo su una rete televisiva nazionale";"6"
"G33B";"Coordinare il lavoro e le attivit&agrave; di altri";"Passare le consegne durante il cambio di turno";"2"
"G33B";"Coordinare il lavoro e le attivit&agrave; di altri";"Organizzare il gruppo delle pulizie dopo un grande evento sportivo";"4"
"G33B";"Coordinare il lavoro e le attivit&agrave; di altri";"Dirigere la costruzione di un grande complesso industriale";"6"
"G34B";"Far crescere e attivare gruppi di lavoro";"Incoraggiare due colleghi ad affrontare un compito arduo";"1"
"G34B";"Far crescere e attivare gruppi di lavoro";"Guidare una squadra di assemblaggio in un'industria di automobili";"4"
"G34B";"Far crescere e attivare gruppi di lavoro";"Guidare un grande gruppo di lavoro per progettare e costruire un nuovo aereo";"6"
"G35B";"Formare ed insegnare";"Dare ad un collega brevi istruzioni su un semplice cambiamento di procedura";"2"
"G35B";"Formare ed insegnare";"Insegnare storia in un liceo";"4"
"G35B";"Formare ed insegnare";"Mettere a punto e tenere programmi di formazione per una facolt&agrave; di medicina";"6"
"G36B";"Guidare, dirigere e motivare i subalterni";"Sostituire occasionalmente un supervisore";"2"
"G36B";"Guidare, dirigere e motivare i subalterni";"Sopraintendere ad un piccolo numero di subordinati in un'azienda con salari elevati";"4"
"G36B";"Guidare, dirigere e motivare i subalterni";"Gestire un'unit&agrave; fortemente sottodimensionata";"6"
"G37B";"Addestrare e far crescere altre persone";"Mostrare ad un collega come manovrare un pezzo di un'attrezzatura";"2"
"G37B";"Addestrare e far crescere altre persone";"Fare formazione sul lavoro per un gruppo di impiegati";"4"
"G37B";"Addestrare e far crescere altre persone";"Allenare la squadra atletica di un liceo";"6"
"G38B";"Fornire consulenze e suggerimenti ad altre persone";"Lavorare in una posizione che richiede di dare solo piccoli suggerimenti ad altre persone";"1"
"G38B";"Fornire consulenze e suggerimenti ad altre persone";"Raccomandare un nuovo software per aumentare l'efficienza nelle operazioni";"4"
"G38B";"Fornire consulenze e suggerimenti ad altre persone";"Fornire idee per cambiare un'organizzazione e aumentare i profitti";"7"
"G39B";"Svolgere attivit&agrave; amministrative";"Completare pratiche di routine su moduli standard";"2"
"G39B";"Svolgere attivit&agrave; amministrative";"Fare la dichiarazione dei redditi di un lavoratore autonomo";"4"
"G39B";"Svolgere attivit&agrave; amministrative";"Lavorare come direttore dell'ufficio incentivi di una grande organizzazione di vendita di computer";"6"
"G40B";"Dotare di personale unit&agrave; organizzative";"Lavorare in una posizione che richiede una gestione minima del personale";"1"
"G40B";"Dotare di personale unit&agrave; organizzative";"Intervistare candidati per una posizione di venditore e suggerire assunzioni";"4"
"G40B";"Dotare di personale unit&agrave; organizzative";"Dirigere un grande programma di reclutamento e di assunzione per una grande azienda manifatturiera";"7"
"G41B";"Monitorare e controllare risorse";"Lavorare come domestica responsabile della biancheria";"2"
"G41B";"Monitorare e controllare risorse";"Lavorare da cuoco responsabile delle ordinazioni";"4"
"G41B";"Monitorare e controllare risorse";"Lavorare da direttore finanziario incaricato del budget di una grande azienda";"6"
